Product,Flow,1990,1991,1992,1993,1994,1995,1996,1997,1998,1999,2000,2001,2002,2003,2004,2005,2006,2007,2008,2009,2010,2011,2012,2013,2014,2015,2016,2017,2018
"Coal, peat and oil shale",Production (ktoe),1931.4685,2115.3928,1886.5141,1832.8766,2033.9175,2051.5905,1889.5063,2180.568,2094.9357,2144.5393,2631.3425,2201.2075,2012.4636,1834.7945,2153.0936,2483.3142,2287.6393,2349.6356,2660.8739,2239.3252,2104.7433,2133.848,2517.1827,3298.4887,3060.0665,3066.435,2635.7447,1930.8901,1930.0074
"Coal, peat and oil shale",Imports (ktoe),7904.0236,8701.2099,8376.9024,8881.1814,9318.4725,9804.7947,10402.9377,10332.0947,10266.0398,9710.1068,10329.0873,10176.5578,10436.6041,11122.7956,11072.416,10607.5162,10224.1077,11303.561,11812.8517,9076.1311,12109.8825,13683.8364,12251.9565,13351.2664,14670.6591,14846.5685,13672.0983,15094.1775,15077.3357
"Coal, peat and oil shale",Exports (ktoe),0.0,0.0,-3.99,0.0,0.0,0.0,0.0,0.0,0.0,0.0,0.0,0.0,0.0,0.0,0.0,-1.26,-4.11,-5.655,-7.53,0.0,0.0,-40.4704,0.0,0.0,0.0,0.0,0.0,-0.4147,-0.4147
"Coal, peat and oil shale",Total energy supply (ktoe),9671.0042,11056.9885,10701.758,11010.8661,11307.2081,11863.3565,12227.1844,12305.7068,12016.3555,12199.7187,13014.7013,12812.6314,12391.9691,12865.0492,13468.1742,12987.6384,12817.175,13591.1645,13733.9014,10980.4936,14468.1937,15448.4499,15296.0633,16483.4638,17530.4798,17682.8248,15921.2404,16779.1376,16417.2087
"Coal, peat and oil shale","Electricity, CHP and heat plants (ktoe)",-1502.8617,-1730.6859,-1736.8784,-1656.4288,-1523.3242,-1748.838,-1784.8123,-2076.8933,-2037.4029,-2895.6423,-3204.7902,-3253.2684,-2516.7477,-2574.6345,-2714.0784,-2856.4221,-3054.3915,-2911.111,-3249.9221,-2583.4206,-3136.7431,-2723.8061,-3603.1951,-5172.868,-6090.8547,-6239.6668,-5997.2385,-5308.0738,-4844.129
"Coal, peat and oil shale","Oil refineries, transformation (ktoe)",0.0,0.0,0.0,0.0,0.0,0.0,0.0,0.0,0.0,0.0,0.0,0.0,0.0,0.0,0.0,0.0,0.0,0.0,0.0,0.0,0.0,0.0,0.0,0.0,0.0,0.0,0.0,0.0,0.0
"Coal, peat and oil shale",Total final consumption (ktoe),3667.9275,4344.3191,3965.0537,4170.1232,4373.1054,4452.3487,4796.9312,5038.9194,4860.1137,4930.561,5721.5296,5286.2879,5652.5477,5839.2297,6348.8414,5536.225,5383.2505,6027.5193,6063.3129,4898.0717,7337.209,8324.1161,7980.1283,7617.9695,7557.4422,7716.1596,6676.0947,7700.9664,7957.7983
"Coal, peat and oil shale",Industry (ktoe),3553.274,4222.6545,3916.3189,4114.5485,4297.0107,4385.6589,4630.2069,4817.4753,4670.3045,4793.7615,5579.6002,5149.4884,5531.1382,5664.8104,6174.4221,5376.3407,5233.6261,5880.4599,5914.5434,4755.2872,7194.4245,8202.7066,7863.8487,7497.415,7411.2377,7582.7801,6532.4553,7546.9251,7796.0381
"Coal, peat and oil shale",Transport (ktoe),5.2139,2.82,0.0,0.0,0.0,0.0,0.0,0.0,0.0,0.0,0.0,0.0,0.0,0.0,0.0,0.0,0.0,0.0,0.0,0.0,0.0,0.0,0.0,0.0,0.0,0.0,0.0,0.0,0.0
"Coal, peat and oil shale",Residential (ktoe),0.0,0.0,0.0,0.0,0.0,0.0,0.0,0.0,0.0,0.0,0.0,0.0,0.0,0.0,0.0,0.0,0.0,0.0,0.0,0.0,0.0,0.0,0.0,0.0,0.0,0.0,0.0,0.0,0.0
"Coal, peat and oil shale",Commercial and public services (ktoe),0.0,0.0,0.0,0.0,0.0,0.0,0.0,0.0,0.0,0.0,0.0,0.0,0.0,0.0,0.0,0.0,0.0,0.0,0.0,0.0,0.0,0.0,0.0,0.0,0.0,0.0,0.0,0.0,0.0
"Coal, peat and oil shale",Other final consumption (ktoe),109.4396,118.8445,48.7348,55.5748,76.0947,66.6897,166.7243,221.4441,189.8093,136.7995,141.9294,136.7995,121.4095,174.4193,174.4193,159.8844,149.6244,147.0594,148.7694,142.7844,142.7844,121.4095,116.2795,120.5545,146.2044,133.3795,143.6394,154.0413,161.7602
"Crude, NGL and feedstocks",Production (ktoe),33393.0134,32990.1831,33460.6549,34112.9973,35469.7088,36817.8483,41511.4371,44639.0101,51598.7969,57869.6052,65336.6688,68377.8089,76863.8358,79607.7463,78799.5527,86943.0436,92404.5672,94187.403,97334.7821,104057.145,109590.8548,112419.0262,110743.8011,108561.7156,120599.9383,129803.381,134305.5627,140298.9483,138355.9942
"Crude, NGL and feedstocks",Imports (ktoe),29464.0452,27110.1824,27321.1129,26201.2448,28487.8545,25983.1814,29406.9819,29761.5898,28504.1583,24168.5512,20537.3132,21569.5743,19720.87,17726.4306,23216.0243,17673.391,17264.8484,21514.8205,19688.9558,19346.6308,17496.3549,17138.9332,17815.0814,20372.0217,18082.4076,15376.3704,8008.9725,7490.9546,9627.1429
"Crude, NGL and feedstocks",Exports (ktoe),0.0,0.0,0.0,0.0,0.0,-693.931,-106.9938,-132.4685,0.0,-30.5403,-963.0365,-5719.1745,-12131.613,-12507.1346,-11886.9798,-14136.0608,-18986.6328,-21812.4906,-22372.1952,-27117.8327,-32613.9713,-31220.943,-27545.9142,-20510.5099,-26800.2741,-38049.7592,-43811.6907,-53881.2069,-55726.5162
"Crude, NGL and feedstocks",Total energy supply (ktoe),61302.0826,60169.6567,61805.851,62450.0415,64009.5317,64406.9551,70159.2727,73978.7388,79868.5879,82289.6046,83638.4342,86589.9895,85358.1027,85145.2796,90036.798,90309.0153,91389.8895,93547.2084,94624.0796,95174.173,95657.5161,97578.3862,101554.7016,108418.1359,111907.5716,105965.1619,98002.0287,94133.5387,92102.6818
"Crude, NGL and feedstocks","Electricity, CHP and heat plants (ktoe)",0.0,0.0,0.0,0.0,0.0,0.0,0.0,0.0,0.0,0.0,0.0,0.0,0.0,0.0,0.0,0.0,0.0,0.0,0.0,0.0,0.0,0.0,0.0,0.0,0.0,0.0,0.0,0.0,0.0
"Crude, NGL and feedstocks","Oil refineries, transformation (ktoe)",-62121.4615,-59982.2558,-62360.2943,-63151.8637,-66887.7358,-65598.7755,-70376.0433,-75524.5001,-81217.8289,-84393.924,-85859.11,-88173.8556,-87717.6474,-88467.0811,-93309.9013,-93407.9426,-94656.79,-94943.1903,-95738.8857,-96589.6029,-96539.2222,-99244.3386,-103744.6954,-111355.0012,-113857.7619,-107057.9441,-99663.0791,-96436.0708,-94233.3103
"Crude, NGL and feedstocks",Total final consumption (ktoe),0.0,0.0,0.0,0.0,0.0,0.0,0.0,0.0,0.0,0.0,0.0,0.0,0.0,0.0,0.0,0.0,0.0,0.0,0.0,0.0,0.0,0.0,0.0,0.0,0.0,0.0,0.0,0.0,0.0
"Crude, NGL and feedstocks",Industry (ktoe),0.0,0.0,0.0,0.0,0.0,0.0,0.0,0.0,0.0,0.0,0.0,0.0,0.0,0.0,0.0,0.0,0.0,0.0,0.0,0.0,0.0,0.0,0.0,0.0,0.0,0.0,0.0,0.0,0.0
"Crude, NGL and feedstocks",Transport (ktoe),0.0,0.0,0.0,0.0,0.0,0.0,0.0,0.0,0.0,0.0,0.0,0.0,0.0,0.0,0.0,0.0,0.0,0.0,0.0,0.0,0.0,0.0,0.0,0.0,0.0,0.0,0.0,0.0,0.0
"Crude, NGL and feedstocks",Residential (ktoe),0.0,0.0,0.0,0.0,0.0,0.0,0.0,0.0,0.0,0.0,0.0,0.0,0.0,0.0,0.0,0.0,0.0,0.0,0.0,0.0,0.0,0.0,0.0,0.0,0.0,0.0,0.0,0.0,0.0
"Crude, NGL and feedstocks",Commercial and public services (ktoe),0.0,0.0,0.0,0.0,0.0,0.0,0.0,0.0,0.0,0.0,0.0,0.0,0.0,0.0,0.0,0.0,0.0,0.0,0.0,0.0,0.0,0.0,0.0,0.0,0.0,0.0,0.0,0.0,0.0
"Crude, NGL and feedstocks",Other final consumption (ktoe),0.0,0.0,0.0,0.0,0.0,0.0,0.0,0.0,0.0,0.0,0.0,0.0,0.0,0.0,0.0,0.0,0.0,0.0,0.0,0.0,0.0,0.0,0.0,0.0,0.0,0.0,0.0,0.0,0.0
Oil products,Production (ktoe),0.0,0.0,0.0,0.0,0.0,0.0,0.0,0.0,0.0,0.0,0.0,0.0,0.0,0.0,0.0,0.0,0.0,0.0,0.0,0.0,0.0,0.0,0.0,0.0,0.0,0.0,0.0,0.0,0.0
Oil products,Imports (ktoe),2992.3241,4259.602,5454.0834,13239.7611,10604.5845,11295.8825,13020.566,13856.7833,14262.4995,13943.014,13968.1703,14462.7022,13270.8296,10449.126,9792.6962,10361.227,11908.8335,13760.4874,15649.0859,13357.6504,21826.8537,24204.5,24283.8307,23464.2061,24780.1928,21465.2961,22524.204,28215.7777,25293.4745
Oil products,Exports (ktoe),-3999.6527,-3132.212,-3737.7161,-5598.7012,-5086.9195,-2146.7659,-1973.9806,-2163.1788,-4367.2802,-3833.4365,-5064.8575,-7329.1592,-7870.3841,-8734.2006,-9707.5029,-9159.908,-9692.7251,-9815.7551,-8181.3928,-7852.2935,-6537.3355,-6548.2813,-6290.9986,-7052.4172,-6666.9592,-5963.9198,-5599.7797,-5871.5692,-8493.8468
Oil products,Total energy supply (ktoe),-2408.3558,-177.4334,132.3523,1626.3447,3791.1916,7557.9498,8435.5919,9609.7105,7382.2307,6381.4831,4589.0681,3018.9188,1751.3619,-2045.0962,-4327.5623,-3194.4833,-2674.9063,-911.7124,1111.4709,247.3903,9071.508,11034.8297,13360.6512,11871.4116,12306.6616,9330.7372,11283.6291,16532.4142,11808.8576
Oil products,"Electricity, CHP and heat plants (ktoe)",-1298.0881,-1361.7331,-1755.6653,-1578.3202,-1678.9517,-1987.4768,-2384.0318,-2644.7955,-2938.9614,-4127.6878,-3901.6827,-4144.2427,-3002.0087,-2579.3775,-2814.3135,-2881.3342,-2890.9197,-3067.9603,-3932.9688,-3200.0532,-3746.8352,-3242.2432,-4514.3728,-5752.239,-7460.7333,-6290.7936,-3102.6527,-3176.9785,-2688.5723
Oil products,"Oil refineries, transformation (ktoe)",61734.8669,59406.0106,61427.8389,62092.7585,66071.2256,64997.7312,69512.4784,75231.878,80316.0194,83325.568,85140.8136,87334.4974,86029.162,86770.8076,92252.6421,91874.0576,92839.6985,94653.6676,95317.8434,95898.9449,96441.2929,98677.6414,104153.8654,110859.0127,113357.1418,106441.6182,99238.1536,95891.0093,93622.9794
Oil products,Total final consumption (ktoe),53455.058,54199.8095,55700.7659,57749.4404,60919.5521,65501.3546,70187.5541,75543.8537,78321.188,79033.7545,80062.5627,79570.2016,78449.6628,75800.3314,78559.8557,78993.4362,80661.7336,84140.5002,86543.2957,85728.3462,93861.5434,100240.618,105947.3413,107863.2071,109676.0731,102829.5123,101456.5219,102357.7198,96380.9481
Oil products,Industry (ktoe),8424.7924,8393.3172,8901.9223,9257.1813,9575.1804,10456.6858,11563.3967,12277.4421,12942.134,13430.0744,13813.2292,12955.0331,12505.8814,11778.3215,11238.2351,11544.7227,11558.5847,12828.7209,12468.5515,12359.8223,11964.0297,12686.8427,12471.2488,12691.0983,12678.8231,11451.4776,11041.5441,10785.5486,9386.5923
Oil products,Transport (ktoe),26996.9738,28269.8342,28472.7695,29596.6843,30972.3464,34319.6426,37500.7376,39832.4427,41851.7632,40908.243,41181.7808,41816.4128,42136.5736,41115.0018,43857.4633,43861.8796,44662.1897,46323.0506,48144.1253,47541.6289,53659.598,59565.4779,65334.123,67450.2929,69259.029,64311.6278,63870.1522,64376.6413,60882.279
Oil products,Residential (ktoe),5118.1957,5255.7746,5462.4221,5662.7455,5690.3977,5958.6735,6198.4292,6207.6673,6232.0596,6369.5497,6360.3869,6387.6049,6160.1973,5723.3011,5842.0699,5729.7511,5724.3411,5905.6192,6052.1376,6123.2469,6296.685,6364.3244,6392.144,6525.3427,6537.6225,6543.2425,6575.4321,6607.993,6533.1637
Oil products,Commercial and public services (ktoe),821.9467,769.0176,790.1637,736.2177,1083.198,1115.57,937.5149,1024.6055,1156.35,1409.2647,1359.26,1372.664,1460.0695,1112.1862,1169.6752,1068.1055,1028.4812,1074.5109,1080.5705,871.8927,753.4041,808.4386,737.6485,711.9175,741.9985,694.2159,683.2141,692.4722,692.8107
Oil products,Other final consumption (ktoe),12093.1493,11511.8659,12073.4882,12496.6116,13598.4296,13650.7828,13987.4758,16201.6961,16138.8812,16916.6228,17347.9058,17038.4867,16186.9411,16071.5209,16452.4122,16788.9773,17688.1369,18008.5987,18797.9108,18831.7554,21187.8266,20815.5345,21012.1769,20484.5557,20458.6,19828.9486,19286.1793,19895.0646,18886.1024
Natural gas,Production (ktoe),3329.4712,3256.6423,3507.4807,3826.8272,3970.9802,4259.6303,4773.7962,5299.0112,5561.8874,5910.5761,6237.9407,6338.1126,8133.2545,8788.4781,9229.6217,9486.178,9613.0482,9418.0138,12086.092,10156.3414,12835.7481,14555.4385,16703.9553,18449.785,19819.9699,20429.4497,20637.2958,23345.5428,21577.0961
Natural gas,Imports (ktoe),0.0,0.0,0.0,0.0,0.0,0.0,0.0,0.0,0.0,342.5408,1893.3792,3946.0232,4597.6999,4328.8048,6924.3766,7704.9656,8382.7171,8849.4196,9717.6698,7315.7137,10830.288,8975.4944,11290.0688,14524.871,16544.0241,15762.6182,10042.6913,9180.0153,9073.7434
Natural gas,Exports (ktoe),0.0,0.0,0.0,0.0,0.0,0.0,0.0,0.0,0.0,0.0,0.0,0.0,0.0,0.0,0.0,0.0,0.0,0.0,0.0,0.0,0.0,0.0,0.0,0.0,0.0,0.0,0.0,0.0,0.0
Natural gas,Total energy supply (ktoe),3334.3078,3261.4789,3504.5787,3826.8272,3970.9802,4259.6303,4773.7962,5299.0112,5561.8874,6253.1169,8131.3199,10284.1359,12730.9544,13117.2829,16153.9983,17191.1436,17995.7653,18267.4334,21803.7618,17472.055,23666.0361,23530.9329,27994.0241,32974.6561,36363.994,36192.0679,30679.9871,32525.5581,30650.8395
Natural gas,"Electricity, CHP and heat plants (ktoe)",-73.6458,-80.0945,-150.6448,-153.6543,-153.2889,-182.3946,-227.7945,-251.6982,-331.7498,-575.8383,-872.8289,-2036.9734,-2610.5546,-2521.9691,-3996.3457,-3914.209,-3619.7549,-3067.7343,-5567.7773,-2569.2606,-6807.5666,-5087.7257,-8810.3181,-13519.8624,-16349.0541,-15970.0988,-11096.6466,-12762.9751,-10648.2222
Natural gas,"Oil refineries, transformation (ktoe)",0.0,0.0,0.0,0.0,0.0,0.0,0.0,0.0,0.0,0.0,0.0,0.0,0.0,0.0,0.0,0.0,0.0,0.0,0.0,0.0,0.0,0.0,0.0,0.0,0.0,0.0,0.0,0.0,0.0
Natural gas,Total final consumption (ktoe),2479.9226,2588.5641,2665.4772,2805.4815,2903.3749,3060.5546,3439.8753,3729.3422,3789.2519,4037.2313,4990.5202,5927.1926,7345.6148,7792.1539,8988.994,9885.3396,10591.509,11366.1651,11410.6621,9860.1462,13122.4205,13104.1273,13068.5082,13182.0937,13016.896,13066.2081,12283.061,12276.2268,13213.8286
Natural gas,Industry (ktoe),1407.2227,1462.0808,1582.5881,1687.3173,1741.509,2019.7764,2451.9347,2740.7782,2683.9639,3011.7584,3764.8323,4447.6569,5431.8358,5594.0241,6484.2218,7029.3207,7360.1032,7874.7206,8225.4729,6968.2287,9024.5271,9742.8418,9583.8779,9475.4729,9447.442,9679.5572,8618.3362,8753.2994,8978.3957
Natural gas,Transport (ktoe),1.7197,1.7197,0.0,21.4101,39.4024,41.9604,30.8255,40.2408,113.0267,136.1565,268.0353,489.8323,839.2089,1137.2098,1353.0095,1665.2837,1975.2365,2191.3801,2100.3009,1803.2459,2179.0413,1989.8108,2091.7025,2360.7266,2389.1445,2263.6715,2486.221,2352.0305,3130.6052
Natural gas,Residential (ktoe),138.4351,142.5193,133.448,141.1006,113.9295,119.0456,133.9854,135.3611,140.4987,128.031,152.73,143.0567,152.2786,167.8418,176.3972,185.6836,201.7627,214.6389,223.0653,231.8788,248.3448,272.313,287.5537,312.5537,301.6122,303.1814,346.9475,368.8259,393.7938
Natural gas,Commercial and public services (ktoe),60.834,66.7455,58.8564,67.6268,50.2794,61.1135,71.2597,100.5374,82.2012,70.2279,93.2932,163.2846,217.5193,235.4901,256.0404,274.5056,311.7154,322.8504,168.8521,174.2906,254.7291,225.8813,231.0189,219.8194,212.8977,153.2674,172.4635,131.2687,148.3153
Natural gas,Other final consumption (ktoe),871.7111,915.4987,890.5847,888.0267,958.2545,818.6586,751.8702,712.4248,769.5615,691.0576,711.6294,683.362,704.7722,657.5881,719.325,730.546,742.6913,762.5753,692.9708,682.5022,1415.7782,873.2803,874.3551,813.5211,665.7997,666.5305,659.0929,670.8023,562.7186
Nuclear,Production (ktoe),582.8708,375.7263,458.3236,115.1671,14.3308,656.3485,632.3771,825.712,850.7257,1036.2438,1575.3407,3720.5242,3605.0965,3480.5493,3025.3524,2567.8105,3583.7307,3217.9056,3639.7509,3376.065,3784.1007,4080.0959,4178.8478,4025.639,4006.8788,3839.0787,4133.5105,4100.9917,4083.9748
Nuclear,Imports (ktoe),0.0,0.0,0.0,0.0,0.0,0.0,0.0,0.0,0.0,0.0,0.0,0.0,0.0,0.0,0.0,0.0,0.0,0.0,0.0,0.0,0.0,0.0,0.0,0.0,0.0,0.0,0.0,0.0,0.0
Nuclear,Exports (ktoe),0.0,0.0,0.0,0.0,0.0,0.0,0.0,0.0,0.0,0.0,0.0,0.0,0.0,0.0,0.0,0.0,0.0,0.0,0.0,0.0,0.0,0.0,0.0,0.0,0.0,0.0,0.0,0.0,0.0
Nuclear,Total energy supply (ktoe),582.8708,375.7263,458.3236,115.1671,14.3308,656.3485,632.3771,825.712,850.7257,1036.2438,1575.3407,3720.5242,3605.0965,3480.5493,3025.3524,2567.8105,3583.7307,3217.9056,3639.7509,3376.065,3784.1007,4080.0959,4178.8478,4025.639,4006.8788,3839.0787,4133.5105,4100.9917,4083.9748
Nuclear,"Electricity, CHP and heat plants (ktoe)",-582.8708,-375.7263,-458.3236,-115.1671,-14.3308,-656.3485,-632.3771,-825.712,-850.7257,-1036.2438,-1575.3407,-3720.5242,-3605.0965,-3480.5493,-3025.3524,-2567.8105,-3583.7307,-3217.9056,-3639.7509,-3376.065,-3784.1007,-4080.0959,-4178.8478,-4025.639,-4006.8788,-3839.0787,-4133.5105,-4100.9917,-4083.9748
Nuclear,"Oil refineries, transformation (ktoe)",0.0,0.0,0.0,0.0,0.0,0.0,0.0,0.0,0.0,0.0,0.0,0.0,0.0,0.0,0.0,0.0,0.0,0.0,0.0,0.0,0.0,0.0,0.0,0.0,0.0,0.0,0.0,0.0,0.0
Nuclear,Total final consumption (ktoe),0.0,0.0,0.0,0.0,0.0,0.0,0.0,0.0,0.0,0.0,0.0,0.0,0.0,0.0,0.0,0.0,0.0,0.0,0.0,0.0,0.0,0.0,0.0,0.0,0.0,0.0,0.0,0.0,0.0
Nuclear,Industry (ktoe),0.0,0.0,0.0,0.0,0.0,0.0,0.0,0.0,0.0,0.0,0.0,0.0,0.0,0.0,0.0,0.0,0.0,0.0,0.0,0.0,0.0,0.0,0.0,0.0,0.0,0.0,0.0,0.0,0.0
Nuclear,Transport (ktoe),0.0,0.0,0.0,0.0,0.0,0.0,0.0,0.0,0.0,0.0,0.0,0.0,0.0,0.0,0.0,0.0,0.0,0.0,0.0,0.0,0.0,0.0,0.0,0.0,0.0,0.0,0.0,0.0,0.0
Nuclear,Residential (ktoe),0.0,0.0,0.0,0.0,0.0,0.0,0.0,0.0,0.0,0.0,0.0,0.0,0.0,0.0,0.0,0.0,0.0,0.0,0.0,0.0,0.0,0.0,0.0,0.0,0.0,0.0,0.0,0.0,0.0
Nuclear,Commercial and public services (ktoe),0.0,0.0,0.0,0.0,0.0,0.0,0.0,0.0,0.0,0.0,0.0,0.0,0.0,0.0,0.0,0.0,0.0,0.0,0.0,0.0,0.0,0.0,0.0,0.0,0.0,0.0,0.0,0.0,0.0
Nuclear,Other final consumption (ktoe),0.0,0.0,0.0,0.0,0.0,0.0,0.0,0.0,0.0,0.0,0.0,0.0,0.0,0.0,0.0,0.0,0.0,0.0,0.0,0.0,0.0,0.0,0.0,0.0,0.0,0.0,0.0,0.0,0.0
Renewables and waste,Production (ktoe),65002.1367,66087.2773,65501.8893,65864.0677,69291.1687,68390.023,69922.3527,73480.8248,73507.2564,74532.4023,71958.8002,71107.6301,76882.9909,84747.8095,89406.0759,93324.0329,98558.1409,107139.6195,112667.5384,110930.8941,118586.4067,115842.9204,116383.2885,117808.2989,118554.0858,120122.8868,122346.948,123638.346,129643.24
Renewables and waste,Imports (ktoe),599.583,556.7881,280.3517,743.4365,964.5863,1258.9895,680.1946,465.6494,94.0374,199.1872,43.5923,71.4785,9.1021,19.5252,36.9673,58.1406,102.069,9.6901,0.646,0.646,39.3912,600.9325,291.2863,68.0404,511.2926,431.5521,434.8372,974.8926,947.115
Renewables and waste,Exports (ktoe),0.0,0.0,0.0,-98.5686,-156.417,-211.8413,-110.8807,-92.6906,-78.2805,-212.4553,-121.0888,-168.985,-395.6194,-400.5304,-1172.7051,-1295.7071,-1825.5061,-1863.3678,-2704.8713,-1714.7334,-983.5252,-1017.0953,-1601.8271,-1542.9669,-766.3987,-1107.3653,-935.4194,-728.4531,-883.4093
Renewables and waste,Total energy supply (ktoe),65538.4044,65936.437,65779.721,66669.8115,70051.2327,69430.8711,70425.2015,72924.5741,73640.0592,75195.8032,72830.9441,71228.7351,77045.6112,83492.2258,88810.8365,92424.3282,96518.3521,104539.026,110515.5544,110127.2952,116836.6784,115265.8834,114847.2961,116083.9364,117427.5954,120353.4237,122005.3515,123638.7267,128864.0641
Renewables and waste,"Electricity, CHP and heat plants (ktoe)",-18516.2606,-19554.9155,-20160.3086,-21202.4218,-21934.8906,-22945.8297,-24195.677,-25450.9554,-26554.4187,-26852.2069,-27736.6247,-24803.5158,-26608.5268,-28640.709,-30056.4107,-31767.6269,-32869.3083,-35478.6949,-35513.4422,-37970.2541,-40651.3709,-42957.6643,-42628.6439,-41575.0135,-41659.8869,-41748.6872,-44716.7055,-45029.2486,-47574.7881
Renewables and waste,"Oil refineries, transformation (ktoe)",0.0,0.0,0.0,0.0,0.0,0.0,0.0,0.0,0.0,0.0,0.0,0.0,0.0,0.0,0.0,0.0,0.0,0.0,0.0,0.0,0.0,0.0,0.0,0.0,0.0,0.0,0.0,0.0,0.0
Renewables and waste,Total final consumption (ktoe),33667.5696,33046.0912,33176.0441,33051.9957,34952.0486,34129.0042,34198.6923,34634.6122,35752.6425,37497.7546,35095.5194,36364.2059,39616.8798,42276.0573,45323.5017,46619.2744,48803.026,52566.2732,55789.9058,55718.721,59329.1895,57227.9577,57271.1671,58224.3966,59357.0633,61858.4791,61782.0712,63237.6012,63403.8898
Renewables and waste,Industry (ktoe),16852.4224,16106.5105,16599.9386,17302.9251,19041.8894,18674.9638,18629.6645,19254.3472,20443.1214,22001.6473,20481.0034,21884.6067,23435.8859,25816.1455,27942.0648,28477.2757,31060.087,32678.466,32617.3708,31563.1164,34404.0078,34498.9408,35247.6437,34655.9543,33804.1012,33014.2212,34967.3672,35125.3984,31818.5175
Renewables and waste,Transport (ktoe),5857.6029,6105.7023,5972.9282,6228.3945,6643.7911,6869.2421,7151.8429,6910.0551,6782.9739,6798.4531,5820.1926,5377.3445,6084.9721,5794.1804,6444.974,6963.1519,6453.6245,8909.8652,12002.3372,13156.2329,14065.6267,12415.9948,11685.5502,13765.6391,15142.5077,17922.8905,16351.5261,16602.26,19191.3227
Renewables and waste,Residential (ktoe),8602.5253,8544.4409,8506.5339,7476.275,7259.2304,6544.2243,6384.5351,6459.6066,6596.6295,6802.368,6982.1773,7277.9547,8113.1814,8457.1238,8576.8753,8752.4278,8778.0051,8329.4556,8236.6875,8112.8663,7785.0634,6988.2525,6950.4581,6143.2415,6586.6242,6807.7887,6492.8396,6870.7211,7653.9763
Renewables and waste,Commercial and public services (ktoe),173.3804,168.5113,166.2273,161.1593,153.1102,148.3527,154.6627,152.5142,146.5647,145.3727,138.6406,132.6661,123.25,140.8141,137.1882,140.1282,143.5232,150.3848,156.1022,158.4429,174.7934,187.4635,186.457,186.457,188.0822,182.6321,174.4003,175.6172,170.0297
Renewables and waste,Other final consumption (ktoe),2181.6386,2120.9262,1930.416,1883.2417,1854.0275,1892.2212,1877.9871,1858.089,1783.353,1749.9135,1673.5055,1691.6339,1859.5904,2067.7935,2222.3995,2286.2908,2367.7862,2498.1016,2777.408,2728.0624,2899.6981,3137.3061,3201.0581,3473.1048,3635.748,3930.9466,3795.938,4463.6045,4570.0436
Electricity,Production (ktoe),0.0,0.0,0.0,0.0,0.0,0.0,0.0,0.0,0.0,0.0,0.0,0.0,0.0,0.0,0.0,0.0,0.0,0.0,0.0,0.0,0.0,0.0,0.0,0.0,0.0,0.0,0.0,0.0,0.0
Electricity,Imports (ktoe),2282.4592,2329.1488,2065.5202,2369.8194,2731.4703,3039.7248,3144.1101,3480.4815,3388.822,3436.6294,3812.9837,3254.8581,3145.3138,3194.411,3215.1333,3370.7653,3563.8005,3513.8435,3688.822,3530.8684,3087.3603,3304.3852,3501.4617,3468.0997,2904.3852,2978.6758,3552.2786,3139.3722,3007.7121
Electricity,Exports (ktoe),-0.6019,-0.6879,-0.6879,-0.9458,0.0,0.0,-0.6879,-0.6879,-0.6879,-0.6019,-0.6019,-0.5159,-0.6019,-0.5159,-0.6019,-13.7575,-24.3336,-174.8925,-59.2433,-92.8633,-108.0825,-218.7446,-40.1548,0.0,-0.258,-18.8306,-44.54,-13.4298,-0.0684
Electricity,Total energy supply (ktoe),2281.8573,2328.4609,2064.8323,2368.8736,2731.4703,3039.7248,3143.4222,3479.7936,3388.1341,3436.0275,3812.3818,3254.3422,3144.712,3193.8951,3214.5314,3357.0077,3539.4669,3338.951,3629.5787,3438.0052,2979.2777,3085.6406,3461.307,3468.0997,2904.1273,2959.8452,3507.7386,3125.9425,3007.6438
Electricity,"Electricity, CHP and heat plants (ktoe)",19159.1574,20152.7945,20785.2106,21666.0361,22359.5013,23697.4205,25045.3998,26481.6853,27665.3483,28748.9252,29968.8735,28209.1143,29686.7584,31288.6501,33269.0456,34585.3826,35997.5065,38173.8607,39775.3224,40029.0628,44313.1556,45675.0645,47492.7773,49076.4402,50755.804,49979.5356,49741.8745,50640.9981,51670.2102
Electricity,"Oil refineries, transformation (ktoe)",0.0,0.0,0.0,0.0,0.0,0.0,0.0,0.0,0.0,0.0,0.0,0.0,0.0,0.0,0.0,0.0,0.0,0.0,0.0,0.0,0.0,0.0,0.0,0.0,0.0,0.0,0.0,0.0,0.0
Electricity,Total final consumption (ktoe),18127.2571,18709.8882,19140.3267,20054.0843,20811.6079,22055.546,23100.8598,24552.4506,25571.969,26253.5684,27614.7034,25672.8289,26889.9398,28392.4334,29814.7893,31097.1625,32276.7842,33951.9347,35241.2726,35019.0026,37649.3551,39346.1737,40664.8323,41888.822,43058.9854,42274.2906,42315.9071,42904.3018,43664.0423
Electricity,Industry (ktoe),9659.4153,9891.7455,10024.5916,10529.8366,10849.2691,10934.7377,11156.9218,11652.7085,11730.6105,11912.9837,12616.509,11986.7584,13125.6234,13819.0886,14794.583,15079.1917,15771.1952,16561.9948,16957.7816,16017.1109,17484.9527,18004.2992,18024.1617,18070.5073,17706.9647,16905.589,16871.2812,17169.7255,17262.2624
Electricity,Transport (ktoe),102.6655,92.9493,102.4936,103.1814,101.1178,104.1273,98.8822,98.0224,100.6019,101.4617,107.4807,103.1814,80.8255,84.2648,89.3379,102.1496,125.7094,135.4256,138.1771,136.8014,142.9063,219.0886,239.2089,223.2158,240.2408,238.0052,218.0567,224.5027,244.2966
Electricity,Residential (ktoe),4184.5228,4388.3921,4459.5873,4611.264,4811.006,5466.9819,5937.7472,6368.9596,6825.2794,6989.7678,7189.4239,6343.0782,6255.546,6547.1195,6756.4058,7153.3104,7378.3319,7814.3594,8218.8306,8751.4187,9325.6234,9627.773,10115.7352,10739.123,11354.1702,11291.0576,11426.9132,11559.7262,11849.5432
Electricity,Commercial and public services (ktoe),3607.4807,3707.4807,3905.503,4121.4961,4328.8048,4760.963,5060.1892,5504.2132,5917.7988,6159.8452,6595.8727,6174.0327,6316.853,6713.8435,6893.7231,7413.8435,7589.9398,7932.3302,8344.626,8686.3285,9174.2906,9649.785,10285.0387,10810.7481,11458.8134,11529.1488,11371.2812,11479.5101,11692.8022
Electricity,Other final consumption (ktoe),573.1728,629.3207,648.1513,688.3061,721.4101,788.736,847.1195,928.5469,997.6784,1089.5099,1105.417,1065.7782,1111.092,1228.1169,1280.7395,1348.6672,1411.6079,1507.8246,1581.8573,1427.3431,1521.5821,1845.2279,2000.6879,2045.2279,2298.7962,2310.4901,2428.3749,2470.8374,2615.1378
Heat,Production (ktoe),0.0,0.0,0.0,0.0,0.0,0.0,0.0,0.0,0.0,72.9913,73.9945,87.0116,82.6407,90.4032,106.382,164.7559,145.2422,374.5343,111.4694,114.0011,68.1905,114.1683,57.6813,68.9548,73.4451,79.464,79.8223,90.8736,90.8819
Heat,Imports (ktoe),0.0,0.0,0.0,0.0,0.0,0.0,0.0,0.0,0.0,0.0,0.0,0.0,0.0,0.0,0.0,0.0,0.0,0.0,0.0,0.0,0.0,0.0,0.0,0.0,0.0,0.0,0.0,0.0,0.0
Heat,Exports (ktoe),0.0,0.0,0.0,0.0,0.0,0.0,0.0,0.0,0.0,0.0,0.0,0.0,0.0,0.0,0.0,0.0,0.0,0.0,0.0,0.0,0.0,0.0,0.0,0.0,0.0,0.0,0.0,0.0,0.0
Heat,Total energy supply (ktoe),0.0,0.0,0.0,0.0,0.0,0.0,0.0,0.0,0.0,72.9913,73.9945,87.0116,82.6407,90.4032,106.382,164.7559,145.2422,374.5343,111.4694,114.0011,68.1905,114.1683,57.6813,68.9548,73.4451,79.464,79.8223,90.8736,90.8819
Heat,"Electricity, CHP and heat plants (ktoe)",0.0,0.0,0.0,0.0,0.0,0.0,0.0,0.0,0.0,0.0,0.0,0.0,0.0,0.0,0.0,0.0,0.0,0.0,0.0,0.0,0.0,0.0,0.0,0.0,0.0,0.0,0.0,0.0,0.0
Heat,"Oil refineries, transformation (ktoe)",0.0,0.0,0.0,0.0,0.0,0.0,0.0,0.0,0.0,0.0,0.0,0.0,0.0,0.0,0.0,0.0,0.0,0.0,0.0,0.0,0.0,0.0,0.0,0.0,0.0,0.0,0.0,0.0,0.0
Heat,Total final consumption (ktoe),0.0,0.0,0.0,0.0,0.0,0.0,0.0,0.0,0.0,0.0,0.0,0.0,0.0,0.0,0.0,0.0,0.0,0.0,0.0,0.0,0.0,0.0,0.0,0.0,0.0,0.0,0.0,0.0,0.0
Heat,Industry (ktoe),0.0,0.0,0.0,0.0,0.0,0.0,0.0,0.0,0.0,0.0,0.0,0.0,0.0,0.0,0.0,0.0,0.0,0.0,0.0,0.0,0.0,0.0,0.0,0.0,0.0,0.0,0.0,0.0,0.0
Heat,Transport (ktoe),0.0,0.0,0.0,0.0,0.0,0.0,0.0,0.0,0.0,0.0,0.0,0.0,0.0,0.0,0.0,0.0,0.0,0.0,0.0,0.0,0.0,0.0,0.0,0.0,0.0,0.0,0.0,0.0,0.0
Heat,Residential (ktoe),0.0,0.0,0.0,0.0,0.0,0.0,0.0,0.0,0.0,0.0,0.0,0.0,0.0,0.0,0.0,0.0,0.0,0.0,0.0,0.0,0.0,0.0,0.0,0.0,0.0,0.0,0.0,0.0,0.0
Heat,Commercial and public services (ktoe),0.0,0.0,0.0,0.0,0.0,0.0,0.0,0.0,0.0,0.0,0.0,0.0,0.0,0.0,0.0,0.0,0.0,0.0,0.0,0.0,0.0,0.0,0.0,0.0,0.0,0.0,0.0,0.0,0.0
Heat,Other final consumption (ktoe),0.0,0.0,0.0,0.0,0.0,0.0,0.0,0.0,0.0,0.0,0.0,0.0,0.0,0.0,0.0,0.0,0.0,0.0,0.0,0.0,0.0,0.0,0.0,0.0,0.0,0.0,0.0,0.0,0.0
Total,Production (ktoe),104238.9606,104825.2218,104814.8626,105751.9359,110780.106,112175.4406,118729.4694,126425.1261,133613.6021,141566.358,147814.0874,151832.2949,167580.282,178549.7809,182720.0783,194969.1352,206592.3685,216687.1118,228500.5067,230873.7718,246970.044,249145.4974,250584.7566,252212.882,266114.3844,277340.6952,284138.884,293405.5925,295681.1944
Total,Imports (ktoe),43242.4351,42956.9311,43497.9707,51435.4434,52106.9681,51382.5728,56654.7902,57896.5986,56515.557,51800.0295,50584.5259,53481.194,51180.4196,46841.0932,54257.6137,49776.0057,51446.3761,58951.822,60558.0313,52627.6404,65390.1306,67908.0816,69433.6855,75248.5052,77492.9615,70861.081,58235.0821,64095.1899,63026.5238
Total,Exports (ktoe),-4000.2547,-3132.8999,-3742.3939,-5698.2155,-5243.3367,-3052.5383,-2192.543,-2389.0258,-4446.2487,-4077.034,-6149.5847,-13217.8347,-20398.2184,-21642.3816,-22767.7899,-24606.6935,-30533.3077,-33672.161,-33325.2325,-36777.723,-40242.9145,-39045.5346,-35478.8947,-29105.8939,-34233.89,-45139.8749,-50391.43,-60495.0738,-65104.2553
Total,Total energy supply (ktoe),140302.1713,142951.3149,144447.4169,148067.9316,155875.9454,161214.8362,169796.8459,178423.2472,182707.9805,186864.9891,187666.1846,190996.2886,196110.4486,199339.5888,210488.5104,215807.2162,223314.7154,235964.5108,249169.5671,240929.4783,266531.5012,270138.3869,280750.5722,293394.2971,302520.7536,296402.6035,285613.3081,290927.1833,287026.1521
Total,"Electricity, CHP and heat plants (ktoe)",-2814.5696,-2950.3609,-3476.61,-3039.9561,-2945.2849,-3823.4672,-4179.2929,-4768.3692,-5047.9102,-6738.6939,-7322.3937,-9749.4101,-8656.1759,-8508.5892,-9337.455,-9402.0201,-10020.5986,-9569.5454,-12128.5389,-9669.9907,-13813.4609,-12416.4708,-16242.6004,-20969.1817,-24811.6038,-24108.7894,-19304.8793,-19737.2696,-18169.476
Total,"Oil refineries, transformation (ktoe)",-386.5946,-576.2453,-932.4554,-1059.1052,-816.5103,-601.0442,-863.5649,-292.6218,-901.8093,-1068.3559,-718.2963,-839.3583,-1688.4855,-1696.2737,-1057.2592,-1533.885,-1817.0916,-289.5229,-421.0425,-690.6581,-97.9292,-566.6971,409.1702,-495.9883,-500.6201,-616.326,-424.9257,-545.0615,-610.3311
Total,Total final consumption (ktoe),111397.7349,112888.6722,114647.6675,117831.1249,123959.689,129198.8083,135723.9128,143499.1783,148295.1652,151752.8698,153484.8354,152820.7171,157954.6447,160100.2056,169035.9822,172131.4376,177716.3033,188052.3924,195048.4491,191224.2877,211299.7176,218242.9927,224931.9772,228776.4889,232666.46,227744.6498,224513.6558,228476.8159,224620.5071
Total,Industry (ktoe),39897.1269,40076.3086,41025.3596,42891.8086,45504.8587,46471.8226,48432.1245,50742.7514,52470.1345,55150.2253,56255.1742,56423.5435,60030.3646,62672.3901,66633.5268,67506.8516,70983.5962,75824.3622,76183.7203,71663.5655,80071.9418,83135.631,83190.7806,82390.4478,81048.5686,78633.6251,78030.9841,79380.8969,75241.806
Total,Transport (ktoe),32964.1759,34473.0256,34548.1913,35949.6703,37756.6577,41334.9724,44782.2882,46880.761,48848.3658,47944.3143,47377.4894,47786.7711,49141.5801,48130.6567,51744.7847,52592.4647,53216.7602,57559.7215,62384.9406,62637.9092,70047.1722,74190.3721,79350.5846,83799.8744,87030.922,84736.195,82925.956,83555.4345,83448.5035
Total,Residential (ktoe),18043.6789,18331.127,18561.9913,17891.3851,17874.5636,18088.9253,18654.6969,19171.5946,19794.4672,20289.7164,20684.7181,20151.6946,20681.2032,20895.3862,21351.7482,21821.1729,22082.4408,22264.0731,22730.7211,23219.4107,23655.7166,23252.6628,23745.891,23720.2608,24780.0291,24945.2701,24842.1324,25407.2662,26430.4769
Total,Commercial and public services (ktoe),4663.6419,4711.755,4920.7504,5086.4999,5615.3924,6085.9991,6223.6265,6781.8703,7302.9146,7784.7104,8187.0666,7842.6473,8117.6918,8202.3339,8456.6269,8896.5828,9073.6596,9480.0762,9750.1509,9890.9547,10357.2172,10871.5684,11440.1631,11928.942,12601.7919,12559.2642,12401.3591,12478.8682,12703.9579
Total,Other final consumption (ktoe),15829.1115,15296.4559,15591.375,16011.7609,17208.2165,17217.0882,17631.177,19922.2008,19879.2834,20583.9033,20980.3871,20616.0604,19983.805,20199.4385,20849.2956,21314.3658,22359.8466,22924.1595,23998.9163,23812.4476,27167.6695,26792.7583,27204.5577,26936.9641,27205.1483,26870.2953,26313.2245,27654.3503,26795.7627
Fossil fuels,Electricity output (GWh),10017.0,11154.0,11731.0,11515.0,11893.0,13583.0,16328.0,18458.0,19504.0,29005.0,30243.0,36902.0,35049.0,32958.0,41974.0,41232.0,41132.0,38927.0,58408.0,37753.0,63878.0,52070.0,80266.0,116971.0,142558.0,135654.0,97214.0,106564.497,90432.714
Nuclear,Electricity output (GWh),2237.0,1442.0,1759.0,442.0,55.0,2519.0,2427.0,3169.0,3265.0,3977.0,6046.0,14279.0,13836.0,13358.0,11611.0,9855.0,13754.0,12350.0,13969.0,12957.0,14523.0,15659.0,16038.0,15450.0,15378.0,14734.0,15864.0,15739.196,15673.887
Renewable sources,Electricity output (GWh),210567.0,221781.0,228242.0,240019.0,248093.0,259499.0,272523.0,286355.0,298979.0,301368.0,312249.0,276891.0,296372.0,317571.0,333334.0,351141.0,363765.0,392685.0,390210.0,414828.0,436961.0,463472.0,456037.0,438338.0,432354.0,430874.0,465420.0,466651.116,494817.944
Total,Electricity output (GWh),222821.0,234377.0,241732.0,251976.0,260041.0,275601.0,291278.0,307982.0,321748.0,334716.0,348910.0,328508.0,345671.0,364339.0,387453.0,403033.0,419337.0,445147.0,463067.0,466121.0,515745.0,531757.0,552624.0,571098.0,590651.0,581652.0,578889.0,589401.381,601371.158
